{
  "tpm": {
    "acc": 0.2,
    "train_time_s": 0.013846003916114569,
    "infer_time_s": 2.4400651454925537e-07
  },
  "matmul": {
    "acc": 0.5,
    "train_time_s": 0.022853173781186342,
    "infer_time_s": 1.1781230568885803e-07
  },
  "reduction": {
    "acc": 0.25,
    "train_time_s": 0.04627378797158599,
    "infer_time_s": 1.2665987014770508e-07
  }
}