{
  "tpm": {
    "acc": 0.2,
    "train_time_s": 0.008086776360869408,
    "infer_time_s": 2.300366759300232e-07
  },
  "matmul": {
    "acc": 0.5,
    "train_time_s": 0.021197998896241188,
    "infer_time_s": 1.317821443080902e-07
  },
  "reduction": {
    "acc": 0.25,
    "train_time_s": 0.04353082925081253,
    "infer_time_s": 9.313225746154785e-08
  }
}