{
  "tpm": {
    "acc": 0.2,
    "train_time_s": 0.007803831249475479,
    "infer_time_s": 2.1606683731079102e-07
  },
  "matmul": {
    "acc": 0.5,
    "train_time_s": 0.02095947042107582,
    "infer_time_s": 1.6763806343078613e-07
  },
  "reduction": {
    "acc": 0.25,
    "train_time_s": 0.04657050222158432,
    "infer_time_s": 7.264316082000732e-08
  }
}