{
  "tpm": {
    "acc": 0.2,
    "train_time_s": 0.010266441851854324,
    "infer_time_s": 1.5832483768463135e-07
  },
  "matmul": {
    "acc": 0.5,
    "train_time_s": 0.0233180969953537,
    "infer_time_s": 1.1734664440155029e-07
  },
  "reduction": {
    "acc": 0.25,
    "train_time_s": 0.04569794796407223,
    "infer_time_s": 1.0104849934577942e-07
  }
}