{
  "tpm": {
    "acc": 0.2,
    "train_time_s": 0.00901879370212555,
    "infer_time_s": 2.2491440176963806e-07
  },
  "matmul": {
    "acc": 0.5,
    "train_time_s": 0.02349002892151475,
    "infer_time_s": 1.2665987014770508e-07
  },
  "reduction": {
    "acc": 0.25,
    "train_time_s": 0.047738526947796345,
    "infer_time_s": 1.3131648302078247e-07
  }
}