{
  "tpm": {
    "ft_transformer": {
      "acc": 1.0,
      "train_time_s": 0.2372790053486824,
      "infer_time_s": 0.0012152232229709625
    }
  },
  "matmul": {
    "ft_transformer": {
      "acc": 0.5,
      "train_time_s": 0.23557854071259499,
      "infer_time_s": 0.0013010893017053604
    }
  },
  "reduction": {
    "ft_transformer": {
      "acc": 0.5,
      "train_time_s": 0.23983385227620602,
      "infer_time_s": 0.0013945363461971283
    }
  }
}