{
  "tpm": {
    "ft_transformer": {
      "acc": 1.0,
      "train_time_s": 0.23469207994639874,
      "infer_time_s": 0.0012139007449150085
    }
  },
  "matmul": {
    "ft_transformer": {
      "acc": 0.5,
      "train_time_s": 0.23470156826078892,
      "infer_time_s": 0.0013124644756317139
    }
  },
  "reduction": {
    "ft_transformer": {
      "acc": 0.5,
      "train_time_s": 0.23825210891664028,
      "infer_time_s": 0.0013809017837047577
    }
  }
}