n,log_n,streams,tile,config_id,time_ms
1536,3.186391215695493,1,32,1,6.14387
1280,3.1072099696478683,1,32,1,3.56701
2048,3.3113299523037933,8,32,5,14.3865
