n,log_n,streams,tile,config_id,time_ms
512,2.709269960975831,1,32,1,0.266144
768,2.885361220031512,8,32,5,0.793792
1792,3.2533380053261065,4,32,3,9.60102
1024,3.010299956639812,16,32,7,1.83786
