{
  "tpm": {
    "xgboost": {
      "acc": 1.0,
      "train_time_s": 0.042809776961803436,
      "infer_time_s": 0.0009695384651422501
    }
  },
  "reduction": {
    "xgboost": {
      "acc": 0.25,
      "train_time_s": 0.042221520096063614,
      "infer_time_s": 0.0010019950568675995
    }
  },
  "matmul": {
    "xgboost": {
      "acc": 0.5,
      "train_time_s": 0.034758372232317924,
      "infer_time_s": 0.0009967684745788574
    }
  }
}