n,log_n,streams,block,config_id,time_ms
615848,5.789473535367313,1,512,2,0.032704
885867,5.9473685238036715,1,128,0,0.032576
143845,5.157894770570113,1,256,1,0.036096
100000,5.0,1,512,2,0.03072
