n,log_n,streams,block,config_id,time_ms
206914,5.315789876441706,1,256,1,0.0264
297635,5.473684000170553,1,512,2,0.035136
428133,5.631578704044429,1,128,0,0.032128
