n,log_n,streams,block,config_id,time_ms
40000,4.6020599913279625,2,256,1,0.075072
2500,3.3979400086720375,2,256,1,0.047328
8000,3.9030899869919438,8,256,3,0.052992
1000,3.0,2,256,1,0.04352
25000,4.3979400086720375,32,256,5,0.06464
